artist,track,genres,danceability,energy,key,loudness,mode,speechiness,acousticness,instrumentalness,liveness,valence,tempo,type,id,uri,track_href,analysis_url,duration_ms,time_signature,unique
Maroon 5,Girls Like You,['pop'],0.611,0.462,0,-7.054,1,0.0646,0.558,1.01e-06,0.131,0.377,59.635,audio_features,6OEHjJJvdkk1Ln0p0AZdyz,spotify:track:6OEHjJJvdkk1Ln0p0AZdyz,https://api.spotify.com/v1/tracks/6OEHjJJvdkk1Ln0p0AZdyz,https://api.spotify.com/v1/audio-analysis/6OEHjJJvdkk1Ln0p0AZdyz,215230,4,Maroon 5 Featuring Cardi B|Girls Like You
Cardi ,I Like It,"['pop', 'rap']",0.816,0.726,5,-3.998,0,0.129,0.099,0.0,0.372,0.65,136.048,audio_features,58q2HKrzhC3ozto2nDdN4z,spotify:track:58q2HKrzhC3ozto2nDdN4z,https://api.spotify.com/v1/tracks/58q2HKrzhC3ozto2nDdN4z,https://api.spotify.com/v1/audio-analysis/58q2HKrzhC3ozto2nDdN4z,253390,4,"Cardi B, Bad Bunny & J Balvin|I Like It"
Post Malone,Better Now,"['pop', 'rap']",0.68,0.563,10,-5.843,1,0.0454,0.354,0.0,0.136,0.374,145.028,audio_features,7dt6x5M1jzdTEt8oCbisTK,spotify:track:7dt6x5M1jzdTEt8oCbisTK,https://api.spotify.com/v1/tracks/7dt6x5M1jzdTEt8oCbisTK,https://api.spotify.com/v1/audio-analysis/7dt6x5M1jzdTEt8oCbisTK,231267,4,Post Malone|Better Now
Drake,Nice For What,"['canadian hip hop', 'canadian pop', 'hip hop', 'pop rap', 'rap']",0.586,0.909,8,-6.474,1,0.0705,0.0891,0.000109,0.119,0.757,93.394,audio_features,3CA9pLiwRIGtUBiMjbZmRw,spotify:track:3CA9pLiwRIGtUBiMjbZmRw,https://api.spotify.com/v1/tracks/3CA9pLiwRIGtUBiMjbZmRw,https://api.spotify.com/v1/audio-analysis/3CA9pLiwRIGtUBiMjbZmRw,210747,4,Drake|Nice For What
Ella Mai,Boo'd Up,"['dance pop', 'pop', 'r&b', 'uk contemporary r&b', 'urban contemporary']",0.397,0.843,10,-3.726,0,0.0987,0.158,0.0,0.0844,0.22,81.201,audio_features,4squZv12LD9M8ooJfoVgZS,spotify:track:4squZv12LD9M8ooJfoVgZS,https://api.spotify.com/v1/tracks/4squZv12LD9M8ooJfoVgZS,https://api.spotify.com/v1/audio-analysis/4squZv12LD9M8ooJfoVgZS,239341,4,Ella Mai|Boo'd Up
Drake,God's Plan,"['canadian hip hop', 'canadian pop', 'hip hop', 'pop rap', 'rap']",0.754,0.449,7,-9.211,1,0.109,0.0332,8.29e-05,0.552,0.357,77.169,audio_features,6DCZcSspjsKoFjzjrWoCdn,spotify:track:6DCZcSspjsKoFjzjrWoCdn,https://api.spotify.com/v1/tracks/6DCZcSspjsKoFjzjrWoCdn,https://api.spotify.com/v1/audio-analysis/6DCZcSspjsKoFjzjrWoCdn,198973,4,Drake|God's Plan
XXXTENTACION,SAD!,"['emo rap', 'miami hip hop']",0.74,0.613,8,-4.88,1,0.145,0.258,0.00372,0.123,0.473,75.023,audio_features,3ee8Jmje8o58CHK66QrVC2,spotify:track:3ee8Jmje8o58CHK66QrVC2,https://api.spotify.com/v1/tracks/3ee8Jmje8o58CHK66QrVC2,https://api.spotify.com/v1/audio-analysis/3ee8Jmje8o58CHK66QrVC2,166606,4,XXXTENTACION|Sad!
Post Malone,Psycho (feat. Ty Dolla $ign),"['pop', 'rap']",0.739,0.559,8,-8.011,1,0.117,0.58,0.0,0.112,0.439,140.124,audio_features,3swc6WTsr7rl9DqQKQA55C,spotify:track:3swc6WTsr7rl9DqQKQA55C,https://api.spotify.com/v1/tracks/3swc6WTsr7rl9DqQKQA55C,https://api.spotify.com/v1/audio-analysis/3swc6WTsr7rl9DqQKQA55C,221440,4,Post Malone Featuring Ty Dolla $ign|Psycho
Luis Fonsi,Despacito,"['dance pop', 'latin', 'latin pop', 'pop']",0.655,0.797,2,-4.787,1,0.153,0.198,0.0,0.067,0.839,177.928,audio_features,6habFhsOp2NvshLv26DqMb,spotify:track:6habFhsOp2NvshLv26DqMb,https://api.spotify.com/v1/tracks/6habFhsOp2NvshLv26DqMb,https://api.spotify.com/v1/audio-analysis/6habFhsOp2NvshLv26DqMb,229360,4,Luis Fonsi & Daddy Yankee Featuring Justin Bieber|Despacito
French Montana,Unforgettable,"['hip hop', 'pop', 'pop rap', 'rap', 'southern hip hop', 'trap music']",0.726,0.769,6,-5.043,1,0.123,0.0293,0.0101,0.104,0.733,97.985,audio_features,3B54sVLJ402zGa6Xm4YGNe,spotify:track:3B54sVLJ402zGa6Xm4YGNe,https://api.spotify.com/v1/tracks/3B54sVLJ402zGa6Xm4YGNe,https://api.spotify.com/v1/audio-analysis/3B54sVLJ402zGa6Xm4YGNe,233902,4,French Montana Featuring Swae Lee|Unforgettable
Imagine Dragons,Believer,"['modern rock', 'rock']",0.776,0.78,10,-4.374,0,0.128,0.0622,0.0,0.081,0.666,124.949,audio_features,0pqnGHJpmpxLKifKRmU6WP,spotify:track:0pqnGHJpmpxLKifKRmU6WP,https://api.spotify.com/v1/tracks/0pqnGHJpmpxLKifKRmU6WP,https://api.spotify.com/v1/audio-analysis/0pqnGHJpmpxLKifKRmU6WP,204347,4,Imagine Dragons|Believer
Charlie Puth,Attention,"['dance pop', 'pop', 'post-teen pop', 'viral pop']",0.775,0.613,3,-4.586,0,0.0542,0.109,2.33e-05,0.134,0.797,100.066,audio_features,5cF0dROlMOK5uNZtivgu50,spotify:track:5cF0dROlMOK5uNZtivgu50,https://api.spotify.com/v1/tracks/5cF0dROlMOK5uNZtivgu50,https://api.spotify.com/v1/audio-analysis/5cF0dROlMOK5uNZtivgu50,208787,4,Charlie Puth|Attention
Bruno Mars,That's What I Like,"['dance pop', 'pop', 'post-teen pop']",0.853,0.56,1,-4.961,1,0.0406,0.013,0.0,0.0944,0.86,134.066,audio_features,0KKkJNfGyhkQ5aFogxQAPU,spotify:track:0KKkJNfGyhkQ5aFogxQAPU,https://api.spotify.com/v1/tracks/0KKkJNfGyhkQ5aFogxQAPU,https://api.spotify.com/v1/audio-analysis/0KKkJNfGyhkQ5aFogxQAPU,206693,4,Bruno Mars|That's What I Like
DJ Khaled,"I'm the One (feat. Justin Bieber, Quavo, Chance the Rapper & Lil Wayne)","['dance pop', 'hip hop', 'miami hip hop', 'pop', 'pop rap', 'r&b', 'rap', 'southern hip hop', 'trap music', 'urban contemporary']",0.599,0.667,7,-4.267,1,0.0367,0.0533,0.0,0.134,0.817,80.984,audio_features,1jYiIOC5d6soxkJP81fxq2,spotify:track:1jYiIOC5d6soxkJP81fxq2,https://api.spotify.com/v1/tracks/1jYiIOC5d6soxkJP81fxq2,https://api.spotify.com/v1/audio-analysis/1jYiIOC5d6soxkJP81fxq2,288877,4,"DJ Khaled Featuring Justin Bieber, Quavo, Chance The Rapper & Lil Wayne|I'm The One"
Ed Sheeran,Shape of You,"['pop', 'uk pop']",0.825,0.652,1,-3.183,0,0.0802,0.581,0.0,0.0931,0.931,95.977,audio_features,7qiZfU4dY1lWllzX7mPBI3,spotify:track:7qiZfU4dY1lWllzX7mPBI3,https://api.spotify.com/v1/tracks/7qiZfU4dY1lWllzX7mPBI3,https://api.spotify.com/v1/audio-analysis/7qiZfU4dY1lWllzX7mPBI3,233713,4,Ed Sheeran|Shape Of You
Sia,Cheap Thrills,"['australian dance', 'australian pop', 'dance pop', 'pop']",0.628,0.698,6,-5.608,0,0.105,0.0472,0.00143,0.0907,0.732,89.976,audio_features,3S4px9f4lceWdKf0gWciFu,spotify:track:3S4px9f4lceWdKf0gWciFu,https://api.spotify.com/v1/tracks/3S4px9f4lceWdKf0gWciFu,https://api.spotify.com/v1/audio-analysis/3S4px9f4lceWdKf0gWciFu,211667,4,Sia Featuring Sean Paul|Cheap Thrills
Drake,One Dance,"['canadian hip hop', 'canadian pop', 'hip hop', 'pop rap', 'rap']",0.785,0.617,1,-5.871,1,0.0522,0.00902,0.00246,0.351,0.382,103.981,audio_features,12VWzyPDBCc8fqeWCAfNwR,spotify:track:12VWzyPDBCc8fqeWCAfNwR,https://api.spotify.com/v1/tracks/12VWzyPDBCc8fqeWCAfNwR,https://api.spotify.com/v1/audio-analysis/12VWzyPDBCc8fqeWCAfNwR,173987,4,Drake Featuring WizKid & Kyla|One Dance
Desiigner,Panda,"['hip hop', 'pop', 'pop rap', 'rap', 'southern hip hop', 'trap music', 'viral trap']",0.576,0.777,10,-5.035,0,0.458,0.0231,0.0,0.366,0.259,145.2,audio_features,5YEOzOojehCqxGQCcQiyR4,spotify:track:5YEOzOojehCqxGQCcQiyR4,https://api.spotify.com/v1/tracks/5YEOzOojehCqxGQCcQiyR4,https://api.spotify.com/v1/audio-analysis/5YEOzOojehCqxGQCcQiyR4,246761,4,Desiigner|Panda
Fifth Harmony,Work from Home (feat. Ty Dolla $ign),"['dance pop', 'girl group', 'pop', 'post-teen pop', 'r&b', 'talent show', 'viral pop']",0.803,0.585,8,-5.861,1,0.0432,0.103,3.94e-06,0.0644,0.593,105.017,audio_features,4tCtwWceOPWzenK2HAIJSb,spotify:track:4tCtwWceOPWzenK2HAIJSb,https://api.spotify.com/v1/tracks/4tCtwWceOPWzenK2HAIJSb,https://api.spotify.com/v1/audio-analysis/4tCtwWceOPWzenK2HAIJSb,214480,4,Fifth Harmony Featuring Ty Dolla $ign|Work From Home
Lukas Graham,7 Years - Spotify Sessions,"['danish pop', 'scandipop']",0.718,0.544,10,-6.138,1,0.0426,0.543,0.0,0.939,0.475,119.938,audio_features,6ptyHcWfL03bxM4tIrL0dM,spotify:track:6ptyHcWfL03bxM4tIrL0dM,https://api.spotify.com/v1/tracks/6ptyHcWfL03bxM4tIrL0dM,https://api.spotify.com/v1/audio-analysis/6ptyHcWfL03bxM4tIrL0dM,273091,4,Lukas Graham|7 Years
OMI,Cheerleader - Felix Jaehn Remix Radio Edit,"['dance pop', 'tropical house']",0.774,0.682,4,-6.108,1,0.0299,0.19,4.62e-05,0.151,0.616,118.014,audio_features,3F54TAXWrYALVTCjc63XGn,spotify:track:3F54TAXWrYALVTCjc63XGn,https://api.spotify.com/v1/tracks/3F54TAXWrYALVTCjc63XGn,https://api.spotify.com/v1/audio-analysis/3F54TAXWrYALVTCjc63XGn,181933,4,OMI|Cheerleader
Silento,Watch Me Part 2,['pinoy hip hop'],0.758,0.643,5,-7.184,0,0.0751,0.119,4.96e-05,0.294,0.717,157.943,audio_features,1HVM6xJTywomciawwj4At4,spotify:track:1HVM6xJTywomciawwj4At4,https://api.spotify.com/v1/tracks/1HVM6xJTywomciawwj4At4,https://api.spotify.com/v1/audio-analysis/1HVM6xJTywomciawwj4At4,212929,4,Silento|Watch Me
Major Lazer,Lean On,"['dance pop', 'edm', 'electro house', 'moombahton', 'pop', 'tropical house']",0.723,0.809,7,-3.081,0,0.0625,0.00346,0.00123,0.565,0.274,98.007,audio_features,0CYdYS5MP33toMaug9kBcy,spotify:track:0CYdYS5MP33toMaug9kBcy,https://api.spotify.com/v1/tracks/0CYdYS5MP33toMaug9kBcy,https://api.spotify.com/v1/audio-analysis/0CYdYS5MP33toMaug9kBcy,176561,4,Major Lazer & DJ Snake Featuring MO|Lean On
The Weeknd,The Hills,"['canadian contemporary r&b', 'canadian pop', 'pop', 'rap']",0.58,0.565,0,-7.065,0,0.0488,0.0671,0.0,0.135,0.138,112.986,audio_features,7fBv7CLKzipRk6EC6TWHOB,spotify:track:7fBv7CLKzipRk6EC6TWHOB,https://api.spotify.com/v1/tracks/7fBv7CLKzipRk6EC6TWHOB,https://api.spotify.com/v1/audio-analysis/7fBv7CLKzipRk6EC6TWHOB,242253,4,The Weeknd|The Hills
Taylor Swift,Bad Blood,"['dance pop', 'pop', 'post-teen pop']",0.652,0.802,7,-6.114,1,0.181,0.0871,6.45e-06,0.148,0.295,170.157,audio_features,273dCMFseLcVsoSWx59IoE,spotify:track:273dCMFseLcVsoSWx59IoE,https://api.spotify.com/v1/tracks/273dCMFseLcVsoSWx59IoE,https://api.spotify.com/v1/audio-analysis/273dCMFseLcVsoSWx59IoE,211933,4,Taylor Swift Featuring Kendrick Lamar|Bad Blood
Fetty Wap,Trap Queen,"['hip hop', 'new jersey rap', 'pop', 'pop rap', 'rap', 'southern hip hop', 'trap music']",0.746,0.873,7,-3.803,1,0.128,0.0244,0.0,0.354,0.817,148.075,audio_features,2d8JP84HNLKhmd6IYOoupQ,spotify:track:2d8JP84HNLKhmd6IYOoupQ,https://api.spotify.com/v1/tracks/2d8JP84HNLKhmd6IYOoupQ,https://api.spotify.com/v1/audio-analysis/2d8JP84HNLKhmd6IYOoupQ,222093,4,Fetty Wap|Trap Queen
WALK THE MOON,Shut Up and Dance - Live,"['indie pop', 'indie poptimism', 'indietronica', 'modern rock', 'pop', 'pop rock']",0.41,0.956,1,-1.883,1,0.0782,0.00097,0.0,0.902,0.435,128.114,audio_features,7dnjPuuoFBGxos5MHBDfue,spotify:track:7dnjPuuoFBGxos5MHBDfue,https://api.spotify.com/v1/tracks/7dnjPuuoFBGxos5MHBDfue,https://api.spotify.com/v1/audio-analysis/7dnjPuuoFBGxos5MHBDfue,220720,4,WALK THE MOON|Shut Up And Dance
Jason Derulo,Want to Want Me,"['dance pop', 'pinoy hip hop', 'pop', 'pop rap', 'post-teen pop', 'r&b']",0.775,0.68,0,-5.508,0,0.0629,0.00906,0.0,0.109,0.656,114.025,audio_features,6zKrj4SomgfbvsfuTAuElE,spotify:track:6zKrj4SomgfbvsfuTAuElE,https://api.spotify.com/v1/tracks/6zKrj4SomgfbvsfuTAuElE,https://api.spotify.com/v1/audio-analysis/6zKrj4SomgfbvsfuTAuElE,207719,4,Jason Derulo|Want To Want Me
The Weeknd,Earned It (Fifty Shades Of Grey),"['canadian contemporary r&b', 'canadian pop', 'pop', 'rap']",0.647,0.291,2,-8.275,0,0.0363,0.408,0.0,0.0771,0.4,119.839,audio_features,4frLb7nWtsz2ymBE6k2GRP,spotify:track:4frLb7nWtsz2ymBE6k2GRP,https://api.spotify.com/v1/tracks/4frLb7nWtsz2ymBE6k2GRP,https://api.spotify.com/v1/audio-analysis/4frLb7nWtsz2ymBE6k2GRP,277680,3,The Weeknd|Earned It (Fifty Shades Of Grey)
MAGIC!,Rude,"['pop', 'reggae fusion']",0.774,0.756,1,-4.995,1,0.0389,0.0423,0.0,0.305,0.931,144.032,audio_features,6RtPijgfPKROxEzTHNRiDp,spotify:track:6RtPijgfPKROxEzTHNRiDp,https://api.spotify.com/v1/tracks/6RtPijgfPKROxEzTHNRiDp,https://api.spotify.com/v1/audio-analysis/6RtPijgfPKROxEzTHNRiDp,224840,4,MAGIC!|Rude
Sam Smith,Stay With Me,"['pop', 'post-teen pop']",0.56,0.429,0,-6.267,1,0.0377,0.52,7.06e-05,0.105,0.161,85.036,audio_features,31CHJzSweI6r1dk6XrZceK,spotify:track:31CHJzSweI6r1dk6XrZceK,https://api.spotify.com/v1/tracks/31CHJzSweI6r1dk6XrZceK,https://api.spotify.com/v1/audio-analysis/31CHJzSweI6r1dk6XrZceK,172724,4,Sam Smith|Stay With Me
Iggy Azalea,Fancy,"['australian hip hop', 'dance pop', 'hip pop', 'pop', 'pop rap', 'post-teen pop', 'r&b']",0.909,0.713,10,-4.169,0,0.0642,0.0949,0.0,0.0475,0.391,94.968,audio_features,5PXSB2YH4hXU3WcPAoY9zz,spotify:track:5PXSB2YH4hXU3WcPAoY9zz,https://api.spotify.com/v1/tracks/5PXSB2YH4hXU3WcPAoY9zz,https://api.spotify.com/v1/audio-analysis/5PXSB2YH4hXU3WcPAoY9zz,199938,4,Iggy Azalea Featuring Charli XCX|Fancy
Ariana Grande,Problem,"['dance pop', 'pop', 'post-teen pop']",0.66,0.805,1,-5.352,0,0.153,0.0192,8.83e-06,0.159,0.625,103.009,audio_features,7vS3Y0IKjde7Xg85LWIEdP,spotify:track:7vS3Y0IKjde7Xg85LWIEdP,https://api.spotify.com/v1/tracks/7vS3Y0IKjde7Xg85LWIEdP,https://api.spotify.com/v1/audio-analysis/7vS3Y0IKjde7Xg85LWIEdP,193920,4,Ariana Grande Featuring Iggy Azalea|Problem
John Legend,All of Me - Live from Spotify Milan,"['neo soul', 'pop', 'r&b', 'urban contemporary']",0.505,0.15,8,-9.795,1,0.0439,0.833,0.0,0.0988,0.383,133.237,audio_features,6nyZQ82OI0OujbbFpo3e0K,spotify:track:6nyZQ82OI0OujbbFpo3e0K,https://api.spotify.com/v1/tracks/6nyZQ82OI0OujbbFpo3e0K,https://api.spotify.com/v1/audio-analysis/6nyZQ82OI0OujbbFpo3e0K,291960,4,John Legend|All Of Me
Pharrell Williams,"Happy - From ""Despicable Me 2""","['dance pop', 'pop', 'pop rap']",0.647,0.822,5,-4.662,0,0.183,0.219,0.0,0.0908,0.962,160.019,audio_features,5b88tNINg4Q4nrRbrCXUmg,spotify:track:5b88tNINg4Q4nrRbrCXUmg,https://api.spotify.com/v1/tracks/5b88tNINg4Q4nrRbrCXUmg,https://api.spotify.com/v1/audio-analysis/5b88tNINg4Q4nrRbrCXUmg,232720,4,Pharrell Williams|Happy
Robin Thicke,Blurred Lines,"['dance pop', 'hip pop', 'neo soul', 'pop', 'r&b', 'urban contemporary']",0.848,0.615,7,-4.859,1,0.0383,0.00355,6.12e-06,0.0814,0.824,120.002,audio_features,6Yqwz5ZgwWDE4znrcDwJWO,spotify:track:6Yqwz5ZgwWDE4znrcDwJWO,https://api.spotify.com/v1/tracks/6Yqwz5ZgwWDE4znrcDwJWO,https://api.spotify.com/v1/audio-analysis/6Yqwz5ZgwWDE4znrcDwJWO,263827,4,Robin Thicke Featuring T.I. + Pharrell|Blurred Lines
Imagine Dragons,Radioactive,"['modern rock', 'rock']",0.448,0.784,9,-3.686,1,0.0627,0.106,0.000108,0.668,0.236,136.245,audio_features,4G8gkOterJn0Ywt6uhqbhp,spotify:track:4G8gkOterJn0Ywt6uhqbhp,https://api.spotify.com/v1/tracks/4G8gkOterJn0Ywt6uhqbhp,https://api.spotify.com/v1/audio-analysis/4G8gkOterJn0Ywt6uhqbhp,186813,4,Imagine Dragons|Radioactive
Daft Punk,Get Lucky,"['electro', 'electronic', 'filter house']",0.81,0.793,6,-9.404,0,0.0403,0.0378,1.82e-06,0.072,0.863,116.049,audio_features,69kOkLUCkxIZYexIgSG8rq,spotify:track:69kOkLUCkxIZYexIgSG8rq,https://api.spotify.com/v1/tracks/69kOkLUCkxIZYexIgSG8rq,https://api.spotify.com/v1/audio-analysis/69kOkLUCkxIZYexIgSG8rq,369627,4,Daft Punk Featuring Pharrell Williams|Get Lucky
Florida Georgia Line,Cruise,"['contemporary country', 'country', 'country pop', 'country road', 'modern country rock']",0.474,0.945,10,-3.368,1,0.0351,0.0208,0.0,0.0816,0.894,147.975,audio_features,4ux0hxiDcqtje3XAKK7TVx,spotify:track:4ux0hxiDcqtje3XAKK7TVx,https://api.spotify.com/v1/tracks/4ux0hxiDcqtje3XAKK7TVx,https://api.spotify.com/v1/audio-analysis/4ux0hxiDcqtje3XAKK7TVx,209493,4,Florida Georgia Line Featuring Nelly|Cruise
Justin Timberlake,Mirrors,"['dance pop', 'pop']",0.574,0.512,5,-6.664,0,0.0503,0.234,0.0,0.0946,0.512,76.899,audio_features,4rHZZAmHpZrA3iH5zx8frV,spotify:track:4rHZZAmHpZrA3iH5zx8frV,https://api.spotify.com/v1/tracks/4rHZZAmHpZrA3iH5zx8frV,https://api.spotify.com/v1/audio-analysis/4rHZZAmHpZrA3iH5zx8frV,484147,4,Justin Timberlake|Mirrors
P!nk,Just Give Me a Reason (feat. Nate Ruess),"['dance pop', 'pop', 'post-teen pop']",0.778,0.547,2,-7.273,1,0.0489,0.346,0.000302,0.132,0.441,95.002,audio_features,1mKXFLRA179hdOWQBwUk9e,spotify:track:1mKXFLRA179hdOWQBwUk9e,https://api.spotify.com/v1/tracks/1mKXFLRA179hdOWQBwUk9e,https://api.spotify.com/v1/audio-analysis/1mKXFLRA179hdOWQBwUk9e,242733,4,P!nk Featuring Nate Ruess|Just Give Me A Reason
Bruno Mars,When I Was Your Man,"['dance pop', 'pop', 'post-teen pop']",0.612,0.28,0,-8.648,1,0.0434,0.932,0.0,0.088,0.387,72.795,audio_features,4tLihrsL9WMgvI0n9R2bFS,spotify:track:4tLihrsL9WMgvI0n9R2bFS,https://api.spotify.com/v1/tracks/4tLihrsL9WMgvI0n9R2bFS,https://api.spotify.com/v1/audio-analysis/4tLihrsL9WMgvI0n9R2bFS,213827,4,Bruno Mars|When I Was Your Man
Rihanna,Stay,"['dance pop', 'pop', 'post-teen pop', 'r&b', 'urban contemporary']",0.621,0.31,9,-10.164,0,0.0283,0.945,6.12e-05,0.117,0.125,111.893,audio_features,2QTcJmSgeLRtG1c82ZYHQc,spotify:track:2QTcJmSgeLRtG1c82ZYHQc,https://api.spotify.com/v1/tracks/2QTcJmSgeLRtG1c82ZYHQc,https://api.spotify.com/v1/audio-analysis/2QTcJmSgeLRtG1c82ZYHQc,240707,4,Rihanna Featuring Mikky Ekko|Stay
Flo Rida,Whistle,"['dance pop', 'edm', 'miami hip hop', 'pop', 'pop rap', 'post-teen pop']",0.747,0.937,0,-5.746,1,0.0453,0.0208,0.0,0.29,0.739,103.976,audio_features,3bC1ahPIYt1btJzSSEyyrF,spotify:track:3bC1ahPIYt1btJzSSEyyrF,https://api.spotify.com/v1/tracks/3bC1ahPIYt1btJzSSEyyrF,https://api.spotify.com/v1/audio-analysis/3bC1ahPIYt1btJzSSEyyrF,224653,4,Flo Rida|Whistle
Ellie Goulding,Lights - Single Version,"['dance pop', 'edm', 'electropop', 'metropopolis', 'pop', 'post-teen pop', 'r&b', 'tropical house']",0.68,0.799,8,-5.805,0,0.0347,0.0323,0.0459,0.123,0.744,120.031,audio_features,44906V2WC6k59u06A8CO9D,spotify:track:44906V2WC6k59u06A8CO9D,https://api.spotify.com/v1/tracks/44906V2WC6k59u06A8CO9D,https://api.spotify.com/v1/audio-analysis/44906V2WC6k59u06A8CO9D,210634,4,Ellie Goulding|Lights
Carly Rae Jepsen,Call Me Maybe,"['canadian pop', 'dance pop', 'electropop', 'indie poptimism', 'pop', 'post-teen pop', 'uk pop']",0.778,0.585,7,-6.502,1,0.0435,0.0123,0.0,0.108,0.626,120.069,audio_features,3TGRqZ0a2l1LRblBkJoaDx,spotify:track:3TGRqZ0a2l1LRblBkJoaDx,https://api.spotify.com/v1/tracks/3TGRqZ0a2l1LRblBkJoaDx,https://api.spotify.com/v1/audio-analysis/3TGRqZ0a2l1LRblBkJoaDx,193400,4,Carly Rae Jepsen|Call Me Maybe
Katy Perry,Wide Awake,"['dance pop', 'pop', 'post-teen pop']",0.514,0.683,5,-5.099,1,0.0367,0.0749,2.64e-06,0.392,0.575,159.814,audio_features,5JLv62qFIS1DR3zGEcApRt,spotify:track:5JLv62qFIS1DR3zGEcApRt,https://api.spotify.com/v1/tracks/5JLv62qFIS1DR3zGEcApRt,https://api.spotify.com/v1/audio-analysis/5JLv62qFIS1DR3zGEcApRt,220947,4,Katy Perry|Wide Awake
Maroon 5,Payphone - Commentary,['pop'],0.747,0.269,9,-18.536,0,0.964,0.794,0.0,0.412,0.615,59.976,audio_features,6xwxBfr1BpYRtv8Y5z87tP,spotify:track:6xwxBfr1BpYRtv8Y5z87tP,https://api.spotify.com/v1/tracks/6xwxBfr1BpYRtv8Y5z87tP,https://api.spotify.com/v1/audio-analysis/6xwxBfr1BpYRtv8Y5z87tP,60507,5,Maroon 5 Featuring Wiz Khalifa|Payphone
Gotye,Somebody That I Used To Know - feat. Kimbra,['australian pop'],0.857,0.517,0,-6.972,1,0.0384,0.565,0.000195,0.102,0.754,129.063,audio_features,4wCmqSrbyCgxEXROQE6vtV,spotify:track:4wCmqSrbyCgxEXROQE6vtV,https://api.spotify.com/v1/tracks/4wCmqSrbyCgxEXROQE6vtV,https://api.spotify.com/v1/audio-analysis/4wCmqSrbyCgxEXROQE6vtV,244973,4,Gotye Featuring Kimbra|Somebody That I Used To Know
fun.,We Are Young (feat. Janelle Mon√°e),"['metropopolis', 'modern rock', 'pop', 'pop rap']",0.378,0.638,10,-5.576,1,0.075,0.02,7.66e-05,0.0849,0.735,184.086,audio_features,4fz20fbPHtJg8CLuxKOGFV,spotify:track:4fz20fbPHtJg8CLuxKOGFV,https://api.spotify.com/v1/tracks/4fz20fbPHtJg8CLuxKOGFV,https://api.spotify.com/v1/audio-analysis/4fz20fbPHtJg8CLuxKOGFV,250627,4,fun. Featuring Janelle Monae|We Are Young
One Direction,What Makes You Beautiful,"['boy band', 'dance pop', 'pop', 'post-teen pop', 'talent show']",0.726,0.778,4,-2.483,1,0.0784,0.00851,0.0,0.082,0.868,125.0,audio_features,03oZejWqXLbKhhM4iTgShq,spotify:track:03oZejWqXLbKhhM4iTgShq,https://api.spotify.com/v1/tracks/03oZejWqXLbKhhM4iTgShq,https://api.spotify.com/v1/audio-analysis/03oZejWqXLbKhhM4iTgShq,198840,4,One Direction|What Makes You Beautiful
Nicki Minaj,Starships,"['dance pop', 'hip pop', 'pop', 'pop rap', 'post-teen pop', 'r&b']",0.746,0.728,11,-2.454,0,0.0736,0.149,0.0,0.245,0.718,125.027,audio_features,1UgW0l9aia2l4SjQSGwF2q,spotify:track:1UgW0l9aia2l4SjQSGwF2q,https://api.spotify.com/v1/tracks/1UgW0l9aia2l4SjQSGwF2q,https://api.spotify.com/v1/audio-analysis/1UgW0l9aia2l4SjQSGwF2q,210613,4,Nicki Minaj|Starships
Katy Perry,Last Friday Night (T.G.I.F.),"['dance pop', 'pop', 'post-teen pop']",0.649,0.815,3,-3.796,0,0.0415,0.00125,4.31e-05,0.671,0.765,126.03,audio_features,455AfCsOhhLPRc68sE01D8,spotify:track:455AfCsOhhLPRc68sE01D8,https://api.spotify.com/v1/tracks/455AfCsOhhLPRc68sE01D8,https://api.spotify.com/v1/audio-analysis/455AfCsOhhLPRc68sE01D8,230747,4,Katy Perry|Last Friday Night (T.G.I.F.)
LMFAO,Party Rock Anthem,"['dance pop', 'edm', 'pop', 'pop rap']",0.751,0.736,5,-4.168,0,0.156,0.0206,0.0,0.265,0.352,130.014,audio_features,5y1jZxXIpECpclpbA76zVm,spotify:track:5y1jZxXIpECpclpbA76zVm,https://api.spotify.com/v1/tracks/5y1jZxXIpECpclpbA76zVm,https://api.spotify.com/v1/audio-analysis/5y1jZxXIpECpclpbA76zVm,262147,4,LMFAO Featuring Lauren Bennett & GoonRock|Party Rock Anthem
Pitbull,Give Me Everything,"['dance pop', 'latin', 'miami hip hop', 'pop', 'pop rap']",0.673,0.934,3,-3.206,1,0.156,0.161,0.0,0.279,0.485,129.027,audio_features,3QFbOgWOqXEtOD02FMcX7K,spotify:track:3QFbOgWOqXEtOD02FMcX7K,https://api.spotify.com/v1/tracks/3QFbOgWOqXEtOD02FMcX7K,https://api.spotify.com/v1/audio-analysis/3QFbOgWOqXEtOD02FMcX7K,252307,4,"Pitbull Featuring Ne-Yo, Afrojack & Nayer|Give Me Everything"
Adele,Rolling in the Deep,"['british soul', 'pop', 'uk pop']",0.729,0.756,8,-5.119,1,0.0294,0.131,0.0,0.0527,0.522,104.945,audio_features,1CkvWZme3pRgbzaxZnTl5X,spotify:track:1CkvWZme3pRgbzaxZnTl5X,https://api.spotify.com/v1/tracks/1CkvWZme3pRgbzaxZnTl5X,https://api.spotify.com/v1/audio-analysis/1CkvWZme3pRgbzaxZnTl5X,228293,4,Adele|Rolling In The Deep
Katy Perry,E.T.,"['dance pop', 'pop', 'post-teen pop']",0.603,0.872,5,-5.404,0,0.0792,0.0213,0.0,0.366,0.691,150.104,audio_features,4z8ssgZfs5TzKiO8HaGWXO,spotify:track:4z8ssgZfs5TzKiO8HaGWXO,https://api.spotify.com/v1/tracks/4z8ssgZfs5TzKiO8HaGWXO,https://api.spotify.com/v1/audio-analysis/4z8ssgZfs5TzKiO8HaGWXO,206373,4,Katy Perry Featuring Kanye West|E.T.
Bruno Mars,The Lazy Song,"['dance pop', 'pop', 'post-teen pop']",0.738,0.804,11,-3.851,1,0.0621,0.332,0.0,0.279,0.949,174.943,audio_features,1ExfPZEiahqhLyajhybFeS,spotify:track:1ExfPZEiahqhLyajhybFeS,https://api.spotify.com/v1/tracks/1ExfPZEiahqhLyajhybFeS,https://api.spotify.com/v1/audio-analysis/1ExfPZEiahqhLyajhybFeS,190213,4,Bruno Mars|The Lazy Song
Jennifer Lopez,On The Floor,"['dance pop', 'pop', 'pop rap', 'post-teen pop', 'r&b', 'urban contemporary']",0.726,0.779,3,-5.198,0,0.0603,0.107,0.000252,0.098,0.556,129.973,audio_features,3STTVKfJGTdhbg5aLppEzX,spotify:track:3STTVKfJGTdhbg5aLppEzX,https://api.spotify.com/v1/tracks/3STTVKfJGTdhbg5aLppEzX,https://api.spotify.com/v1/audio-analysis/3STTVKfJGTdhbg5aLppEzX,284867,4,Jennifer Lopez Featuring Pitbull|On The Floor
Katy Perry,California Gurls,"['dance pop', 'pop', 'post-teen pop']",0.791,0.754,0,-3.729,1,0.0569,0.00446,0.0,0.163,0.425,125.014,audio_features,6tS3XVuOyu10897O3ae7bi,spotify:track:6tS3XVuOyu10897O3ae7bi,https://api.spotify.com/v1/tracks/6tS3XVuOyu10897O3ae7bi,https://api.spotify.com/v1/audio-analysis/6tS3XVuOyu10897O3ae7bi,234653,4,Katy Perry Featuring Snoop Dogg|California Gurls
Enrique Iglesias,I Like It,"['dance pop', 'latin', 'latin pop', 'mexican pop', 'pop', 'tropical']",0.659,0.935,10,-2.739,0,0.107,0.0253,0.0,0.0653,0.73,129.048,audio_features,4nVyHATevhl5RC6Qmoko5H,spotify:track:4nVyHATevhl5RC6Qmoko5H,https://api.spotify.com/v1/tracks/4nVyHATevhl5RC6Qmoko5H,https://api.spotify.com/v1/audio-analysis/4nVyHATevhl5RC6Qmoko5H,231787,4,Enrique Iglesias Featuring Pitbull|I Like It
B.o.B,Airplanes (feat. Hayley Williams),"['atl hip hop', 'dance pop', 'hip hop', 'pop', 'pop rap', 'r&b', 'rap', 'southern hip hop']",0.66,0.846,6,-5.252,0,0.124,0.113,0.0,0.0459,0.417,93.026,audio_features,12rVL9zxkLUrInr6sg8gwX,spotify:track:12rVL9zxkLUrInr6sg8gwX,https://api.spotify.com/v1/tracks/12rVL9zxkLUrInr6sg8gwX,https://api.spotify.com/v1/audio-analysis/12rVL9zxkLUrInr6sg8gwX,179800,4,B.o.B Featuring Hayley Williams|Airplanes
Travie McCoy,Billionaire (feat. Bruno Mars),['pop rap'],0.444,0.724,6,-5.039,0,0.293,0.381,0.0,0.198,0.66,173.097,audio_features,08AbzjAgSmDN6gEwbcnqgU,spotify:track:08AbzjAgSmDN6gEwbcnqgU,https://api.spotify.com/v1/tracks/08AbzjAgSmDN6gEwbcnqgU,https://api.spotify.com/v1/audio-analysis/08AbzjAgSmDN6gEwbcnqgU,212333,4,Travie McCoy Featuring Bruno Mars|Billionaire
Usher,OMG (feat. will.i.am),"['atl hip hop', 'dance pop', 'pop', 'pop rap', 'r&b', 'urban contemporary']",0.781,0.745,4,-5.81,0,0.0332,0.198,1.14e-05,0.36,0.326,129.998,audio_features,1bM50INir8voAkVoKuvEUI,spotify:track:1bM50INir8voAkVoKuvEUI,https://api.spotify.com/v1/tracks/1bM50INir8voAkVoKuvEUI,https://api.spotify.com/v1/audio-analysis/1bM50INir8voAkVoKuvEUI,269493,4,Usher Featuring will.i.am|OMG
Taio Cruz,Break Your Heart,"['dance pop', 'edm', 'pop', 'pop rap', 'post-teen pop']",0.67,0.888,8,-4.739,1,0.0296,0.00281,0.0,0.187,0.59,122.059,audio_features,4Oqg0RD3ywUXEtt7seShF0,spotify:track:4Oqg0RD3ywUXEtt7seShF0,https://api.spotify.com/v1/tracks/4Oqg0RD3ywUXEtt7seShF0,https://api.spotify.com/v1/audio-analysis/4Oqg0RD3ywUXEtt7seShF0,185187,4,Taio Cruz Featuring Ludacris|Break Your Heart
B.o.B,Nothin' on You (feat. Bruno Mars),"['atl hip hop', 'dance pop', 'hip hop', 'pop', 'pop rap', 'r&b', 'rap', 'southern hip hop']",0.688,0.853,10,-5.814,1,0.0493,0.386,0.0,0.0862,0.743,103.993,audio_features,5AkZntfhC6IBpNtWyWTWhk,spotify:track:5AkZntfhC6IBpNtWyWTWhk,https://api.spotify.com/v1/tracks/5AkZntfhC6IBpNtWyWTWhk,https://api.spotify.com/v1/audio-analysis/5AkZntfhC6IBpNtWyWTWhk,268320,4,B.o.B Featuring Bruno Mars|Nothin' On You
Taylor Swift,You Belong With Me,"['dance pop', 'pop', 'post-teen pop']",0.687,0.783,6,-4.44,1,0.0386,0.162,1.35e-05,0.114,0.443,129.964,audio_features,3GCL1PydwsLodcpv0Ll1ch,spotify:track:3GCL1PydwsLodcpv0Ll1ch,https://api.spotify.com/v1/tracks/3GCL1PydwsLodcpv0Ll1ch,https://api.spotify.com/v1/audio-analysis/3GCL1PydwsLodcpv0Ll1ch,231133,4,Taylor Swift|You Belong With Me
Kings Of Leon,Use Somebody,"['garage rock', 'indie rock', 'modern rock', 'rock']",0.276,0.715,0,-5.356,1,0.0432,0.00552,0.000417,0.201,0.173,137.028,audio_features,5VGlqQANWDKJFl0MBG3sg2,spotify:track:5VGlqQANWDKJFl0MBG3sg2,https://api.spotify.com/v1/tracks/5VGlqQANWDKJFl0MBG3sg2,https://api.spotify.com/v1/audio-analysis/5VGlqQANWDKJFl0MBG3sg2,230760,4,Kings Of Leon|Use Somebody
Drake,Best I Ever Had,"['canadian hip hop', 'canadian pop', 'hip hop', 'pop rap', 'rap']",0.395,0.922,1,-2.176,1,0.375,0.19,0.0,0.134,0.558,162.361,audio_features,3QLjDkgLh9AOEHlhQtDuhs,spotify:track:3QLjDkgLh9AOEHlhQtDuhs,https://api.spotify.com/v1/tracks/3QLjDkgLh9AOEHlhQtDuhs,https://api.spotify.com/v1/audio-analysis/3QLjDkgLh9AOEHlhQtDuhs,257690,4,Drake|Best I Ever Had
Keri Hilson,Knock You Down,"['dance pop', 'deep pop r&b', 'hip pop', 'neo soul', 'pop', 'pop rap', 'post-teen pop', 'r&b', 'urban contemporary']",0.593,0.883,8,-4.781,1,0.186,0.0124,0.0,0.177,0.671,155.171,audio_features,58FUwmyGUqkt53YPUcm7cJ,spotify:track:58FUwmyGUqkt53YPUcm7cJ,https://api.spotify.com/v1/tracks/58FUwmyGUqkt53YPUcm7cJ,https://api.spotify.com/v1/audio-analysis/58FUwmyGUqkt53YPUcm7cJ,326187,4,Keri Hilson Featuring Kanye West & Ne-Yo|Knock You Down
The Black Eyed Peas,Boom Boom Pow,"['dance pop', 'pop', 'pop rap']",0.867,0.857,9,-5.892,1,0.0663,0.13,0.00171,0.13,0.402,130.048,audio_features,5MeZ3VxmtSv1O8PcekvLTn,spotify:track:5MeZ3VxmtSv1O8PcekvLTn,https://api.spotify.com/v1/tracks/5MeZ3VxmtSv1O8PcekvLTn,https://api.spotify.com/v1/audio-analysis/5MeZ3VxmtSv1O8PcekvLTn,251427,4,The Black Eyed Peas|Boom Boom Pow
Lady Gaga,LoveGame,"['dance pop', 'pop']",0.894,0.678,6,-5.611,0,0.0523,0.00569,2.43e-06,0.317,0.844,105.024,audio_features,1WgBCuQ4vwI9RFVOUiWGrp,spotify:track:1WgBCuQ4vwI9RFVOUiWGrp,https://api.spotify.com/v1/tracks/1WgBCuQ4vwI9RFVOUiWGrp,https://api.spotify.com/v1/audio-analysis/1WgBCuQ4vwI9RFVOUiWGrp,216333,4,Lady Gaga|LoveGame
Pitbull,I Know You Want Me (Calle Ocho),"['dance pop', 'latin', 'miami hip hop', 'pop', 'pop rap']",0.82,0.731,9,-6.02,1,0.159,0.0133,1.94e-05,0.131,0.793,127.076,audio_features,5RzFJd6W40SDTyZkX6xx45,spotify:track:5RzFJd6W40SDTyZkX6xx45,https://api.spotify.com/v1/tracks/5RzFJd6W40SDTyZkX6xx45,https://api.spotify.com/v1/audio-analysis/5RzFJd6W40SDTyZkX6xx45,237120,4,Pitbull|I Know You Want Me (Calle Ocho)
Lady Gaga,Poker Face,"['dance pop', 'pop']",0.851,0.806,4,-4.62,1,0.0787,0.118,1.64e-06,0.121,0.787,118.999,audio_features,6oKWxPooT31nfJuYoj8273,spotify:track:6oKWxPooT31nfJuYoj8273,https://api.spotify.com/v1/tracks/6oKWxPooT31nfJuYoj8273,https://api.spotify.com/v1/audio-analysis/6oKWxPooT31nfJuYoj8273,237200,4,Lady Gaga|Poker Face
Katy Perry,"I Kissed A Girl - Live At MTV Unplugged, New York, NY/2009","['dance pop', 'pop', 'post-teen pop']",0.488,0.62,9,-7.478,0,0.114,0.0816,0.0,0.659,0.168,128.733,audio_features,7IdznjcKCOWhydUH02Istz,spotify:track:7IdznjcKCOWhydUH02Istz,https://api.spotify.com/v1/tracks/7IdznjcKCOWhydUH02Istz,https://api.spotify.com/v1/audio-analysis/7IdznjcKCOWhydUH02Istz,250587,4,Katy Perry|I Kissed A Girl
Coldplay,Viva La Vida - Live In Buenos Aires,"['permanent wave', 'pop']",0.428,0.948,5,-4.655,0,0.0934,0.00537,1.29e-06,0.371,0.219,138.015,audio_features,4Y9lVjRD82aJOQ2v13UIoF,spotify:track:4Y9lVjRD82aJOQ2v13UIoF,https://api.spotify.com/v1/tracks/4Y9lVjRD82aJOQ2v13UIoF,https://api.spotify.com/v1/audio-analysis/4Y9lVjRD82aJOQ2v13UIoF,251067,4,Coldplay|Viva La Vida
Leona Lewis,Bleeding Love,"['australian pop', 'british soul', 'dance pop', 'europop', 'neo mellow', 'neo soul', 'pop', 'post-teen pop', 'r&b', 'talent show', 'uk pop', 'urban contemporary']",0.636,0.646,5,-5.866,1,0.036,0.195,0.0,0.164,0.211,104.049,audio_features,2c9GIwZu0gWt2Z6kCzev6U,spotify:track:2c9GIwZu0gWt2Z6kCzev6U,https://api.spotify.com/v1/tracks/2c9GIwZu0gWt2Z6kCzev6U,https://api.spotify.com/v1/audio-analysis/2c9GIwZu0gWt2Z6kCzev6U,262453,4,Leona Lewis|Bleeding Love
Natasha Bedingfield,Pocketful of Sunshine - Johnny Vicious Club Remix,"['dance pop', 'europop', 'folk-pop', 'neo mellow', 'pop', 'pop rock', 'post-teen pop', 'r&b']",0.759,0.728,9,-7.29,0,0.0531,0.00197,0.117,0.0671,0.349,127.991,audio_features,6BQZmWcL4bUaLwAqqBEwvB,spotify:track:6BQZmWcL4bUaLwAqqBEwvB,https://api.spotify.com/v1/tracks/6BQZmWcL4bUaLwAqqBEwvB,https://api.spotify.com/v1/audio-analysis/6BQZmWcL4bUaLwAqqBEwvB,611907,4,Natasha Bedingfield|Pocketful Of Sunshine
Sean Kingston,Beautiful Girls,"['dance pop', 'miami hip hop', 'pop', 'pop rap', 'post-teen pop', 'r&b', 'urban contemporary']",0.745,0.666,9,-5.899,1,0.0566,0.159,0.0,0.302,0.708,129.995,audio_features,67D9O4Oau629qirRXtTWCS,spotify:track:67D9O4Oau629qirRXtTWCS,https://api.spotify.com/v1/tracks/67D9O4Oau629qirRXtTWCS,https://api.spotify.com/v1/audio-analysis/67D9O4Oau629qirRXtTWCS,241933,4,Sean Kingston|Beautiful Girls
Fergie,Big Girls Don't Cry (Personal),"['dance pop', 'hip pop', 'pop', 'pop rap', 'post-teen pop', 'r&b', 'urban contemporary']",0.707,0.643,7,-4.31,1,0.0337,0.21,0.0,0.0938,0.28,113.083,audio_features,2y6xmWzEtxvqckJscjnquS,spotify:track:2y6xmWzEtxvqckJscjnquS,https://api.spotify.com/v1/tracks/2y6xmWzEtxvqckJscjnquS,https://api.spotify.com/v1/audio-analysis/2y6xmWzEtxvqckJscjnquS,268120,4,Fergie|Big Girls Don't Cry
Plain White T's,Hey There Delilah,"['neo mellow', 'pop punk', 'pop rock', 'post-teen pop']",0.502,0.43,2,-7.694,1,0.0288,0.838,1.98e-06,0.103,0.348,103.804,audio_features,3DWOTqMQGp5q75fnVsWwaN,spotify:track:3DWOTqMQGp5q75fnVsWwaN,https://api.spotify.com/v1/tracks/3DWOTqMQGp5q75fnVsWwaN,https://api.spotify.com/v1/audio-analysis/3DWOTqMQGp5q75fnVsWwaN,233280,4,Plain White T's|Hey There Delilah
T-Pain,Buy U A Drank (Shawty Snappin') - Instrumental,"['dance pop', 'hip hop', 'pop', 'pop rap', 'r&b', 'rap', 'southern hip hop', 'trap music', 'urban contemporary']",0.749,0.285,1,-11.754,1,0.113,0.000255,0.868,0.137,0.669,159.962,audio_features,0blFluQGsFMfiRdGbyyuTS,spotify:track:0blFluQGsFMfiRdGbyyuTS,https://api.spotify.com/v1/tracks/0blFluQGsFMfiRdGbyyuTS,https://api.spotify.com/v1/audio-analysis/0blFluQGsFMfiRdGbyyuTS,243493,4,T-Pain Featuring Yung Joc|Buy U A Drank (Shawty Snappin')
Daughtry,Home - Track Commentary,"['alternative metal', 'neo mellow', 'nu metal', 'pop rock', 'post-grunge']",0.684,0.0372,8,-31.401,0,0.802,0.945,0.0,0.146,0.393,77.685,audio_features,6p38OpOQLIgzhi1nwsdLD0,spotify:track:6p38OpOQLIgzhi1nwsdLD0,https://api.spotify.com/v1/tracks/6p38OpOQLIgzhi1nwsdLD0,https://api.spotify.com/v1/audio-analysis/6p38OpOQLIgzhi1nwsdLD0,48482,3,Daughtry|Home
Avril Lavigne,Girlfriend,"['canadian pop', 'candy pop', 'dance pop', 'pop', 'post-teen pop']",0.56,0.959,7,-2.433,1,0.102,0.000738,0.000206,0.209,0.67,163.983,audio_features,45hOioMDJktr86iKDHC8gr,spotify:track:45hOioMDJktr86iKDHC8gr,https://api.spotify.com/v1/tracks/45hOioMDJktr86iKDHC8gr,https://api.spotify.com/v1/audio-analysis/45hOioMDJktr86iKDHC8gr,216600,4,Avril Lavigne|Girlfriend
Timbaland,Give It To Me,"['dance pop', 'hip hop', 'hip pop', 'pop', 'pop rap', 'r&b', 'rap', 'urban contemporary']",0.973,0.723,8,-4.017,1,0.0569,0.17,0.000282,0.0863,0.751,110.625,audio_features,0wbDgMuAoy7O7pL3a69uZx,spotify:track:0wbDgMuAoy7O7pL3a69uZx,https://api.spotify.com/v1/tracks/0wbDgMuAoy7O7pL3a69uZx,https://api.spotify.com/v1/audio-analysis/0wbDgMuAoy7O7pL3a69uZx,234027,4,Timbaland Featuring Nelly Furtado & Justin Timberlake|Give It To Me
Gnarls Barkley,Crazy,"['atl hip hop', 'neo soul']",0.835,0.741,8,-1.609,1,0.0339,0.0172,0.0577,0.0826,0.612,111.963,audio_features,2N5zMZX7YeL1tico8oQxa9,spotify:track:2N5zMZX7YeL1tico8oQxa9,https://api.spotify.com/v1/tracks/2N5zMZX7YeL1tico8oQxa9,https://api.spotify.com/v1/audio-analysis/2N5zMZX7YeL1tico8oQxa9,182066,4,Gnarls Barkley|Crazy
Nelly Furtado,Promiscuous,"['canadian pop', 'dance pop', 'pop', 'pop rock', 'post-teen pop']",0.807,0.97,10,-6.056,0,0.0477,0.0536,6.6e-05,0.149,0.876,114.297,audio_features,0bRh7pc1nfIv2edfcIUlKh,spotify:track:0bRh7pc1nfIv2edfcIUlKh,https://api.spotify.com/v1/tracks/0bRh7pc1nfIv2edfcIUlKh,https://api.spotify.com/v1/audio-analysis/0bRh7pc1nfIv2edfcIUlKh,242373,4,Nelly Furtado Featuring Timbaland|Promiscuous
Cassie,Me & U,"['dance pop', 'hip pop', 'post-teen pop', 'r&b', 'urban contemporary']",0.803,0.454,8,-4.802,0,0.0294,0.352,0.0,0.0655,0.739,99.99,audio_features,7k6IzwMGpxnRghE7YosnXT,spotify:track:7k6IzwMGpxnRghE7YosnXT,https://api.spotify.com/v1/tracks/7k6IzwMGpxnRghE7YosnXT,https://api.spotify.com/v1/audio-analysis/7k6IzwMGpxnRghE7YosnXT,192213,4,Cassie|Me & U
The Pussycat Dolls,Buttons,"['dance pop', 'girl group', 'hip pop', 'pop', 'pop rap', 'post-teen pop', 'r&b', 'urban contemporary']",0.544,0.823,2,-4.318,1,0.32,0.158,0.0,0.268,0.434,210.75,audio_features,3BxWKCI06eQ5Od8TY2JBeA,spotify:track:3BxWKCI06eQ5Od8TY2JBeA,https://api.spotify.com/v1/tracks/3BxWKCI06eQ5Od8TY2JBeA,https://api.spotify.com/v1/audio-analysis/3BxWKCI06eQ5Od8TY2JBeA,225560,4,The Pussycat Dolls Featuring Snoop Dogg|Buttons
Yung Joc,It's Goin' Down (feat. Nitti),"['atl hip hop', 'crunk', 'dirty south rap', 'gangster rap', 'pop rap', 'rap', 'southern hip hop', 'trap music']",0.888,0.577,1,-7.702,0,0.0612,0.0986,0.0,0.131,0.609,84.003,audio_features,05Sgj1Hx03ZXc57gsV1kfX,spotify:track:05Sgj1Hx03ZXc57gsV1kfX,https://api.spotify.com/v1/tracks/05Sgj1Hx03ZXc57gsV1kfX,https://api.spotify.com/v1/audio-analysis/05Sgj1Hx03ZXc57gsV1kfX,241840,4,Yung Joc|It's Goin' Down
Shakira,Hips Don't Lie - Live Version,"['colombian pop', 'dance pop', 'latin', 'latin pop', 'mexican pop', 'pop']",0.603,0.984,10,-3.389,0,0.0956,0.053,0.000296,0.767,0.273,99.969,audio_features,1wa0pdphTi9qtdWE1Uy71a,spotify:track:1wa0pdphTi9qtdWE1Uy71a,https://api.spotify.com/v1/tracks/1wa0pdphTi9qtdWE1Uy71a,https://api.spotify.com/v1/audio-analysis/1wa0pdphTi9qtdWE1Uy71a,414293,4,Shakira Featuring Wyclef Jean|Hips Don't Lie
Chamillionaire,Ridin' - Chopped & Screwed,"['dirty south rap', 'gangster rap', 'hip hop', 'pop rap', 'rap', 'southern hip hop', 'trap music']",0.736,0.895,6,-4.203,0,0.116,0.236,1.57e-05,0.317,0.663,127.575,audio_features,5pdsFN2uxDIp1nq54LWxyJ,spotify:track:5pdsFN2uxDIp1nq54LWxyJ,https://api.spotify.com/v1/tracks/5pdsFN2uxDIp1nq54LWxyJ,https://api.spotify.com/v1/audio-analysis/5pdsFN2uxDIp1nq54LWxyJ,290693,4,Chamillionaire Featuring Krayzie Bone|Ridin'
Daniel Powter,Bad Day,"['canadian pop', 'neo mellow', 'pop rock']",0.579,0.813,3,-3.249,1,0.0316,0.473,0.00412,0.124,0.552,140.086,audio_features,6hhCUPTnZw82aQ0O5OUCJj,spotify:track:6hhCUPTnZw82aQ0O5OUCJj,https://api.spotify.com/v1/tracks/6hhCUPTnZw82aQ0O5OUCJj,https://api.spotify.com/v1/audio-analysis/6hhCUPTnZw82aQ0O5OUCJj,235160,4,Daniel Powter|Bad Day
Sean Paul,Temperature,"['dance pop', 'dancehall', 'pop', 'pop rap']",0.951,0.6,0,-4.675,0,0.0685,0.106,0.0,0.0712,0.822,125.04,audio_features,0k2GOhqsrxDTAbFFSdNJjT,spotify:track:0k2GOhqsrxDTAbFFSdNJjT,https://api.spotify.com/v1/tracks/0k2GOhqsrxDTAbFFSdNJjT,https://api.spotify.com/v1/audio-analysis/0k2GOhqsrxDTAbFFSdNJjT,218573,4,Sean Paul|Temperature
Mariah Carey,We Belong Together,"['dance pop', 'pop', 'r&b', 'urban contemporary']",0.838,0.469,0,-7.992,1,0.0835,0.0358,0.0,0.0928,0.778,139.975,audio_features,3LmvfNUQtglbTrydsdIqFU,spotify:track:3LmvfNUQtglbTrydsdIqFU,https://api.spotify.com/v1/tracks/3LmvfNUQtglbTrydsdIqFU,https://api.spotify.com/v1/audio-analysis/3LmvfNUQtglbTrydsdIqFU,201400,4,Mariah Carey|We Belong Together
The Pussycat Dolls,Don't Cha,"['dance pop', 'girl group', 'hip pop', 'pop', 'pop rap', 'post-teen pop', 'r&b', 'urban contemporary']",0.879,0.643,1,-3.709,1,0.0888,0.00603,1.42e-06,0.0992,0.582,120.012,audio_features,1gZ7i4qxXkHZb1r6eioaAP,spotify:track:1gZ7i4qxXkHZb1r6eioaAP,https://api.spotify.com/v1/tracks/1gZ7i4qxXkHZb1r6eioaAP,https://api.spotify.com/v1/audio-analysis/1gZ7i4qxXkHZb1r6eioaAP,272080,4,The Pussycat Dolls Featuring Busta Rhymes|Don't Cha
Bow Wow,Let Me Hold You,"['dance pop', 'hip hop', 'hip pop', 'pop', 'pop rap', 'r&b', 'rap', 'southern hip hop', 'urban contemporary']",0.815,0.662,6,-8.244,1,0.199,0.0915,0.000409,0.0898,0.611,151.518,audio_features,1oNToERLIN71YCPLbRIQGQ,spotify:track:1oNToERLIN71YCPLbRIQGQ,https://api.spotify.com/v1/tracks/1oNToERLIN71YCPLbRIQGQ,https://api.spotify.com/v1/audio-analysis/1oNToERLIN71YCPLbRIQGQ,248493,4,Bow Wow Featuring Omarion|Let Me Hold You
Lifehouse,You And Me - Live In Portland,"['alternative metal', 'neo mellow', 'pop rock', 'post-grunge']",0.259,0.694,6,-5.785,1,0.0368,0.203,0.000361,0.644,0.322,70.93,audio_features,3ABattReoM901RJlQy44gG,spotify:track:3ABattReoM901RJlQy44gG,https://api.spotify.com/v1/tracks/3ABattReoM901RJlQy44gG,https://api.spotify.com/v1/audio-analysis/3ABattReoM901RJlQy44gG,209547,4,Lifehouse|You And Me
Missy Elliott,Lose Control (feat. Ciara & Fat Man Scoop),"['dance pop', 'hip hop', 'hip pop', 'pop', 'pop rap', 'r&b', 'rap', 'southern hip hop', 'urban contemporary']",0.904,0.813,4,-7.105,0,0.121,0.0311,0.00697,0.0471,0.81,125.461,audio_features,0UaMYEvWZi0ZqiDOoHU3YI,spotify:track:0UaMYEvWZi0ZqiDOoHU3YI,https://api.spotify.com/v1/tracks/0UaMYEvWZi0ZqiDOoHU3YI,https://api.spotify.com/v1/audio-analysis/0UaMYEvWZi0ZqiDOoHU3YI,226864,4,Missy Elliott Featuring Ciara & Fat Man Scoop|Lose Control
Gwen Stefani,Hollaback Girl,"['dance pop', 'europop', 'hip pop', 'pop', 'pop rock', 'post-teen pop', 'r&b', 'urban contemporary']",0.912,0.91,10,-2.114,0,0.104,0.391,0.0,0.0251,0.889,110.051,audio_features,0LzrhCZFXW94Y8nwtTuRlw,spotify:track:0LzrhCZFXW94Y8nwtTuRlw,https://api.spotify.com/v1/tracks/0LzrhCZFXW94Y8nwtTuRlw,https://api.spotify.com/v1/audio-analysis/0LzrhCZFXW94Y8nwtTuRlw,199853,4,Gwen Stefani|Hollaback Girl
The Black Eyed Peas,Don't Phunk With My Heart,"['dance pop', 'pop', 'pop rap']",0.691,0.929,5,-2.73,0,0.0645,0.00877,0.0,0.472,0.574,130.899,audio_features,4MtDnnAJ1AtWit10FRmZdW,spotify:track:4MtDnnAJ1AtWit10FRmZdW,https://api.spotify.com/v1/tracks/4MtDnnAJ1AtWit10FRmZdW,https://api.spotify.com/v1/audio-analysis/4MtDnnAJ1AtWit10FRmZdW,239773,4,The Black Eyed Peas|Don't Phunk With My Heart
50 Cent,Just A Lil Bit,"['east coast hip hop', 'gangster rap', 'hip hop', 'pop rap', 'rap']",0.702,0.63,10,-8.769,0,0.333,0.0328,0.00476,0.327,0.521,96.792,audio_features,3yy24Q88KpFzeUtNXreuW1,spotify:track:3yy24Q88KpFzeUtNXreuW1,https://api.spotify.com/v1/tracks/3yy24Q88KpFzeUtNXreuW1,https://api.spotify.com/v1/audio-analysis/3yy24Q88KpFzeUtNXreuW1,237707,4,50 Cent|Just A Lil Bit
Ciara,Oh,"['dance pop', 'hip hop', 'hip pop', 'pop', 'pop rap', 'post-teen pop', 'r&b', 'rap', 'urban contemporary']",0.8,0.496,7,-7.135,1,0.0506,0.000298,0.0,0.0697,0.357,128.29,audio_features,7i7UIbm5E0DD7aSOYvwp2v,spotify:track:7i7UIbm5E0DD7aSOYvwp2v,https://api.spotify.com/v1/tracks/7i7UIbm5E0DD7aSOYvwp2v,https://api.spotify.com/v1/audio-analysis/7i7UIbm5E0DD7aSOYvwp2v,256347,4,Ciara Featuring Ludacris|Oh
Juvenile,Slow Motion,"['bounce', 'crunk', 'deep southern trap', 'dirty south rap', 'gangster rap', 'hip hop', 'hip pop', 'new orleans rap', 'pop rap', 'rap', 'southern hip hop', 'trap music']",0.711,0.738,0,-4.648,0,0.32,0.46,0.0,0.0613,0.912,172.99,audio_features,3qKrfQg1d63uUQKupyav4l,spotify:track:3qKrfQg1d63uUQKupyav4l,https://api.spotify.com/v1/tracks/3qKrfQg1d63uUQKupyav4l,https://api.spotify.com/v1/audio-analysis/3qKrfQg1d63uUQKupyav4l,248507,4,Juvenile Featuring Soulja Slim|Slow Motion
Kevin Lyttle,Turn Me On,['soca'],0.677,0.682,9,-6.879,1,0.0361,0.0405,0.0,0.0351,0.875,106.279,audio_features,0BBOLOV5JntPL3341swIre,spotify:track:0BBOLOV5JntPL3341swIre,https://api.spotify.com/v1/tracks/0BBOLOV5JntPL3341swIre,https://api.spotify.com/v1/audio-analysis/0BBOLOV5JntPL3341swIre,192107,4,Kevin Lyttle Featuring Spragga Benz|Turn Me On
Christina Milian,Dip It Low - Feat. Fabolous,"['dance pop', 'europop', 'hip pop', 'r&b', 'urban contemporary']",0.752,0.742,11,-4.261,0,0.119,0.00982,2.02e-05,0.0808,0.572,169.113,audio_features,4lC9YAe6ZicEtxz6HQZFd5,spotify:track:4lC9YAe6ZicEtxz6HQZFd5,https://api.spotify.com/v1/tracks/4lC9YAe6ZicEtxz6HQZFd5,https://api.spotify.com/v1/audio-analysis/4lC9YAe6ZicEtxz6HQZFd5,218640,4,Christina Milian|Dip It Low
Usher,Confessions Part II - Confessions Special Edition Version,"['atl hip hop', 'dance pop', 'pop', 'pop rap', 'r&b', 'urban contemporary']",0.845,0.467,1,-7.674,1,0.138,0.0586,0.0,0.0694,0.702,138.007,audio_features,7wBThXx7BGZHJJ3aN3OPvv,spotify:track:7wBThXx7BGZHJJ3aN3OPvv,https://api.spotify.com/v1/tracks/7wBThXx7BGZHJJ3aN3OPvv,https://api.spotify.com/v1/audio-analysis/7wBThXx7BGZHJJ3aN3OPvv,211200,4,Usher|Confessions Part II
Nina Sky,Move Ya Body,"['hip pop', 'r&b', 'urban contemporary']",0.876,0.71,11,-6.446,0,0.0446,0.0234,0.000161,0.0573,0.828,121.072,audio_features,2ndnVdR8si7CW9T8vJRHyW,spotify:track:2ndnVdR8si7CW9T8vJRHyW,https://api.spotify.com/v1/tracks/2ndnVdR8si7CW9T8vJRHyW,https://api.spotify.com/v1/audio-analysis/2ndnVdR8si7CW9T8vJRHyW,232000,4,Nina Sky Featuring Jabba|Move Ya Body
Alicia Keys,If I Ain't Got You,"['hip pop', 'neo soul', 'pop', 'r&b', 'urban contemporary']",0.376,0.536,7,-9.039,1,0.0597,0.0536,0.000288,0.938,0.223,109.113,audio_features,6AxNWiBl9n2bBBEnDYgi82,spotify:track:6AxNWiBl9n2bBBEnDYgi82,https://api.spotify.com/v1/tracks/6AxNWiBl9n2bBBEnDYgi82,https://api.spotify.com/v1/audio-analysis/6AxNWiBl9n2bBBEnDYgi82,437120,3,Alicia Keys|If I Ain't Got You
Usher,Burn - Confession Special Edition Version,"['atl hip hop', 'dance pop', 'pop', 'pop rap', 'r&b', 'urban contemporary']",0.796,0.477,1,-7.161,1,0.108,0.314,0.0,0.12,0.685,119.928,audio_features,7z3N2W7Xz1t2G2sAO8wFVH,spotify:track:7z3N2W7Xz1t2G2sAO8wFVH,https://api.spotify.com/v1/tracks/7z3N2W7Xz1t2G2sAO8wFVH,https://api.spotify.com/v1/audio-analysis/7z3N2W7Xz1t2G2sAO8wFVH,231933,4,Usher|Burn
Hoobastank,The Reason,"['alternative metal', 'funk metal', 'nu metal', 'pop punk', 'pop rock', 'post-grunge', 'rap rock']",0.447,0.668,4,-4.683,1,0.0294,0.0127,0.0,0.152,0.0695,82.904,audio_features,1lHtE5JDCas1EwXhQIMOIj,spotify:track:1lHtE5JDCas1EwXhQIMOIj,https://api.spotify.com/v1/tracks/1lHtE5JDCas1EwXhQIMOIj,https://api.spotify.com/v1/audio-analysis/1lHtE5JDCas1EwXhQIMOIj,232800,4,Hoobastank|The Reason
Beyonce,Naughty Girl - Live,"['dance pop', 'pop', 'post-teen pop', 'r&b']",0.591,0.79,6,-7.864,0,0.0956,0.0488,0.000922,0.417,0.245,99.946,audio_features,3ORyn13n4NOuo1Gx8jIPhO,spotify:track:3ORyn13n4NOuo1Gx8jIPhO,https://api.spotify.com/v1/tracks/3ORyn13n4NOuo1Gx8jIPhO,https://api.spotify.com/v1/audio-analysis/3ORyn13n4NOuo1Gx8jIPhO,154027,4,Beyonce|Naughty Girl
Usher,Yeah! (feat. Lil Jon & Ludacris),"['atl hip hop', 'dance pop', 'pop', 'pop rap', 'r&b', 'urban contemporary']",0.894,0.791,2,-4.699,1,0.112,0.0183,0.0,0.0388,0.583,105.018,audio_features,5rb9QrpfcKFHM1EUbSIurX,spotify:track:5rb9QrpfcKFHM1EUbSIurX,https://api.spotify.com/v1/tracks/5rb9QrpfcKFHM1EUbSIurX,https://api.spotify.com/v1/audio-analysis/5rb9QrpfcKFHM1EUbSIurX,250373,4,Usher Featuring Lil Jon & Ludacris|Yeah!
Beyonce,Crazy In Love - Homecoming Live,"['dance pop', 'pop', 'post-teen pop', 'r&b']",0.401,0.769,2,-8.319,1,0.158,0.000263,0.000458,0.327,0.402,99.226,audio_features,10OaEuICuFoKLq48NoMblA,spotify:track:10OaEuICuFoKLq48NoMblA,https://api.spotify.com/v1/tracks/10OaEuICuFoKLq48NoMblA,https://api.spotify.com/v1/audio-analysis/10OaEuICuFoKLq48NoMblA,167348,4,Beyonce Featuring Jay Z|Crazy In Love
Chingy,Right Thurr,"['crunk', 'dance pop', 'dirty south rap', 'gangster rap', 'hip hop', 'hip pop', 'pop rap', 'r&b', 'rap', 'southern hip hop', 'urban contemporary']",0.86,0.726,2,-4.726,1,0.288,0.15,0.0,0.0944,0.883,92.082,audio_features,05woRE8YXd5i7gmEUbKHZY,spotify:track:05woRE8YXd5i7gmEUbKHZY,https://api.spotify.com/v1/tracks/05woRE8YXd5i7gmEUbKHZY,https://api.spotify.com/v1/audio-analysis/05woRE8YXd5i7gmEUbKHZY,250667,4,Chingy|Right Thurr
50 Cent,P.I.M.P.,"['east coast hip hop', 'gangster rap', 'hip hop', 'pop rap', 'rap']",0.596,0.674,10,-6.208,0,0.384,0.0528,1.28e-05,0.043,0.859,79.95,audio_features,1II5WTQu1iNxn0xFk6jQFx,spotify:track:1II5WTQu1iNxn0xFk6jQFx,https://api.spotify.com/v1/tracks/1II5WTQu1iNxn0xFk6jQFx,https://api.spotify.com/v1/audio-analysis/1II5WTQu1iNxn0xFk6jQFx,249467,4,50 Cent|P.I.M.P.
Fabolous,Into You (feat. Ashanti),"['dance pop', 'gangster rap', 'hardcore hip hop', 'hip hop', 'hip pop', 'pop', 'pop rap', 'r&b', 'rap', 'trap music', 'urban contemporary']",0.726,0.568,7,-8.358,0,0.0298,0.179,0.0,0.0488,0.631,91.906,audio_features,4b5aJdOgxps6z0dPe6wCHF,spotify:track:4b5aJdOgxps6z0dPe6wCHF,https://api.spotify.com/v1/tracks/4b5aJdOgxps6z0dPe6wCHF,https://api.spotify.com/v1/audio-analysis/4b5aJdOgxps6z0dPe6wCHF,274333,4,Fabolous Featuring Tamia Or Ashanti|Into You
Ashanti,Rock Wit U (Awww Baby) Remix,"['dance pop', 'hip hop', 'hip pop', 'pop', 'pop rap', 'r&b', 'southern hip hop', 'urban contemporary']",0.697,0.823,0,-4.433,1,0.151,0.308,1.38e-05,0.0395,0.652,99.742,audio_features,6AumWW7Ku8GFgfQj4dVLah,spotify:track:6AumWW7Ku8GFgfQj4dVLah,https://api.spotify.com/v1/tracks/6AumWW7Ku8GFgfQj4dVLah,https://api.spotify.com/v1/audio-analysis/6AumWW7Ku8GFgfQj4dVLah,232227,4,Ashanti|Rock Wit U (Awww Baby)
Lil' Kim,Magic Stick,"['dance pop', 'east coast hip hop', 'escape room', 'hip hop', 'hip pop', 'pop', 'pop rap', 'r&b', 'rap', 'southern hip hop', 'trap queen', 'urban contemporary']",0.849,0.499,2,-7.872,1,0.271,0.117,4.97e-05,0.268,0.504,92.982,audio_features,0aULRU35N9kTj6O1xMULRR,spotify:track:0aULRU35N9kTj6O1xMULRR,https://api.spotify.com/v1/tracks/0aULRU35N9kTj6O1xMULRR,https://api.spotify.com/v1/audio-analysis/0aULRU35N9kTj6O1xMULRR,359973,4,Lil' Kim Featuring 50 Cent|Magic Stick
50 Cent,21 Questions,"['east coast hip hop', 'gangster rap', 'hip hop', 'pop rap', 'rap']",0.623,0.681,6,-8.516,0,0.354,0.334,8.59e-05,0.0493,0.93,85.211,audio_features,6LNd7mcsNsinLQGEKsHF7J,spotify:track:6LNd7mcsNsinLQGEKsHF7J,https://api.spotify.com/v1/tracks/6LNd7mcsNsinLQGEKsHF7J,https://api.spotify.com/v1/audio-analysis/6LNd7mcsNsinLQGEKsHF7J,224027,4,50 Cent Featuring Nate Dogg|21 Questions
Sean Paul,Get Busy,"['dance pop', 'dancehall', 'pop', 'pop rap']",0.735,0.824,10,-4.143,0,0.036,0.615,0.0,0.158,0.726,100.202,audio_features,5qTvkDrSfvwDv6RBjjcfQr,spotify:track:5qTvkDrSfvwDv6RBjjcfQr,https://api.spotify.com/v1/tracks/5qTvkDrSfvwDv6RBjjcfQr,https://api.spotify.com/v1/audio-analysis/5qTvkDrSfvwDv6RBjjcfQr,211666,4,Sean Paul|Get Busy
Busta Rhymes,I Know What You Want (feat. Flipmode Squad),"['east coast hip hop', 'hardcore hip hop', 'hip hop', 'hip pop', 'pop rap', 'rap']",0.648,0.759,6,-4.315,1,0.306,0.0142,0.0,0.648,0.518,85.996,audio_features,0YImOCkIJ2PWhCXaURCZnY,spotify:track:0YImOCkIJ2PWhCXaURCZnY,https://api.spotify.com/v1/tracks/0YImOCkIJ2PWhCXaURCZnY,https://api.spotify.com/v1/audio-analysis/0YImOCkIJ2PWhCXaURCZnY,324307,4,Busta Rhymes & Mariah Carey Featuring The Flipmode Squad|I Know What You Want
Fabolous,Can't Let You Go - Remix,"['dance pop', 'gangster rap', 'hardcore hip hop', 'hip hop', 'hip pop', 'pop', 'pop rap', 'r&b', 'rap', 'trap music', 'urban contemporary']",0.635,0.768,0,-4.611,1,0.375,0.4,0.0,0.0597,0.603,106.443,audio_features,7c4j95cfrrVHRK9ViY3GaH,spotify:track:7c4j95cfrrVHRK9ViY3GaH,https://api.spotify.com/v1/tracks/7c4j95cfrrVHRK9ViY3GaH,https://api.spotify.com/v1/audio-analysis/7c4j95cfrrVHRK9ViY3GaH,247200,4,Fabolous Featuring Mike Shorey & Lil' Mo|Can't Let You Go
Evanescence,Bring Me To Life - Live,"['alternative metal', 'nu metal', 'post-grunge']",0.293,0.809,4,-5.277,0,0.0471,0.375,1.33e-05,0.881,0.219,89.588,audio_features,7wSrLHch5ms8lYTW6fszs6,spotify:track:7wSrLHch5ms8lYTW6fszs6,https://api.spotify.com/v1/tracks/7wSrLHch5ms8lYTW6fszs6,https://api.spotify.com/v1/audio-analysis/7wSrLHch5ms8lYTW6fszs6,263947,4,Evanescence Featuring Paul McCoy|Bring Me To Life
Nelly,Hot In Herre,"['dance pop', 'hip hop', 'pop', 'pop rap', 'r&b', 'rap', 'southern hip hop', 'urban contemporary']",0.915,0.792,4,-3.99,0,0.202,0.0405,0.0,0.155,0.91,106.968,audio_features,3wHScC7pCN0REd7xlHG4Ic,spotify:track:3wHScC7pCN0REd7xlHG4Ic,https://api.spotify.com/v1/tracks/3wHScC7pCN0REd7xlHG4Ic,https://api.spotify.com/v1/audio-analysis/3wHScC7pCN0REd7xlHG4Ic,225440,4,Nelly|Hot In Herre
Avril Lavigne,Complicated,"['canadian pop', 'candy pop', 'dance pop', 'pop', 'post-teen pop']",0.585,0.776,5,-5.898,1,0.0459,0.0572,7.74e-06,0.3,0.427,77.987,audio_features,5xEM5hIgJ1jjgcEBfpkt2F,spotify:track:5xEM5hIgJ1jjgcEBfpkt2F,https://api.spotify.com/v1/tracks/5xEM5hIgJ1jjgcEBfpkt2F,https://api.spotify.com/v1/audio-analysis/5xEM5hIgJ1jjgcEBfpkt2F,244507,4,Avril Lavigne|Complicated
Mario,Just a Friend 2002 - Radio Edit,"['dance pop', 'deep pop r&b', 'hip pop', 'pop', 'pop rap', 'post-teen pop', 'r&b', 'rap', 'urban contemporary']",0.538,0.677,0,-6.099,1,0.187,0.00541,0.0,0.236,0.913,132.346,audio_features,2cxbxpHrND6i4uvUGVvC9J,spotify:track:2cxbxpHrND6i4uvUGVvC9J,https://api.spotify.com/v1/tracks/2cxbxpHrND6i4uvUGVvC9J,https://api.spotify.com/v1/audio-analysis/2cxbxpHrND6i4uvUGVvC9J,214200,5,Mario|Just A Friend 2002
Cam'Ron,Oh Boy,"['battle rap', 'east coast hip hop', 'gangster rap', 'hardcore hip hop', 'hip hop', 'hip pop', 'pop rap', 'rap', 'southern hip hop', 'trap music']",0.727,0.764,6,-5.808,0,0.138,0.034,0.0,0.0891,0.842,83.025,audio_features,3cEmh5SVYPo3JnVNTWQiL6,spotify:track:3cEmh5SVYPo3JnVNTWQiL6,https://api.spotify.com/v1/tracks/3cEmh5SVYPo3JnVNTWQiL6,https://api.spotify.com/v1/audio-analysis/3cEmh5SVYPo3JnVNTWQiL6,207173,4,Cam'Ron Featuring Juelz Santana|Oh Boy
Ashanti,Foolish,"['dance pop', 'hip hop', 'hip pop', 'pop', 'pop rap', 'r&b', 'southern hip hop', 'urban contemporary']",0.642,0.69,0,-6.058,1,0.0664,0.377,0.0,0.128,0.742,90.178,audio_features,0s7YIt2duUlcKCA7jAiEoe,spotify:track:0s7YIt2duUlcKCA7jAiEoe,https://api.spotify.com/v1/tracks/0s7YIt2duUlcKCA7jAiEoe,https://api.spotify.com/v1/audio-analysis/0s7YIt2duUlcKCA7jAiEoe,228333,4,Ashanti|Foolish
Jimmy Eat World,The Middle,"['modern rock', 'neo mellow', 'pop punk', 'pop rock', 'post-grunge']",0.643,0.849,2,-5.428,1,0.0526,0.0371,0.0,0.058,0.903,162.152,audio_features,6GG73Jik4jUlQCkKg9JuGO,spotify:track:6GG73Jik4jUlQCkKg9JuGO,https://api.spotify.com/v1/tracks/6GG73Jik4jUlQCkKg9JuGO,https://api.spotify.com/v1/audio-analysis/6GG73Jik4jUlQCkKg9JuGO,165853,4,Jimmy Eat World|The Middle
Fat Joe,What's Luv? (feat. Ja-Rule & Ashanti),"['dance pop', 'east coast hip hop', 'gangster rap', 'hardcore hip hop', 'hip hop', 'hip pop', 'pop rap', 'rap', 'trap music']",0.835,0.707,8,-5.074,1,0.0598,0.0219,2.19e-05,0.108,0.919,93.955,audio_features,2mKouqwAIdQnMP43zxR89r,spotify:track:2mKouqwAIdQnMP43zxR89r,https://api.spotify.com/v1/tracks/2mKouqwAIdQnMP43zxR89r,https://api.spotify.com/v1/audio-analysis/2mKouqwAIdQnMP43zxR89r,267093,4,Fat Joe Featuring Ashanti|What's Luv?
Usher,U Don't Have to Call,"['atl hip hop', 'dance pop', 'pop', 'pop rap', 'r&b', 'urban contemporary']",0.793,0.568,1,-4.958,1,0.0459,0.0478,3.57e-05,0.0304,0.806,100.005,audio_features,5PCJldueshnwqQVjS16543,spotify:track:5PCJldueshnwqQVjS16543,https://api.spotify.com/v1/tracks/5PCJldueshnwqQVjS16543,https://api.spotify.com/v1/audio-analysis/5PCJldueshnwqQVjS16543,269400,4,Usher|U Don't Have To Call
Vanessa Carlton,A Thousand Miles,"['folk-pop', 'lilith', 'neo mellow', 'piano rock', 'pop rock', 'post-teen pop']",0.56,0.825,11,-3.862,1,0.0379,0.323,0.0,0.161,0.268,94.931,audio_features,4w1lzcaoZ1IC2K5TwjalRP,spotify:track:4w1lzcaoZ1IC2K5TwjalRP,https://api.spotify.com/v1/tracks/4w1lzcaoZ1IC2K5TwjalRP,https://api.spotify.com/v1/audio-analysis/4w1lzcaoZ1IC2K5TwjalRP,237493,4,Vanessa Carlton|A Thousand Miles
Eve,Let Me Blow Ya Mind,"['dance pop', 'hip hop', 'hip pop', 'philly rap', 'pop', 'pop rap', 'r&b', 'rap', 'southern hip hop', 'urban contemporary']",0.909,0.539,8,-4.278,0,0.116,0.243,0.0,0.0674,0.869,90.038,audio_features,3RmKpob8xzv1pzHEQrMJah,spotify:track:3RmKpob8xzv1pzHEQrMJah,https://api.spotify.com/v1/tracks/3RmKpob8xzv1pzHEQrMJah,https://api.spotify.com/v1/audio-analysis/3RmKpob8xzv1pzHEQrMJah,229933,4,Eve Featuring Gwen Stefani|Let Me Blow Ya Mind
Blu Cantrell,Hit 'Em up Style (Oops!),"['hip pop', 'r&b', 'urban contemporary']",0.698,0.722,5,-5.319,0,0.0799,0.173,0.0,0.289,0.67,90.116,audio_features,3flAV51ACbtIcEixb0QeZv,spotify:track:3flAV51ACbtIcEixb0QeZv,https://api.spotify.com/v1/tracks/3flAV51ACbtIcEixb0QeZv,https://api.spotify.com/v1/audio-analysis/3flAV51ACbtIcEixb0QeZv,250493,4,Blu Cantrell|Hit 'Em Up Style (Oops!)
Lifehouse,Hanging By A Moment - Acoustic Version,"['alternative metal', 'neo mellow', 'pop rock', 'post-grunge']",0.658,0.431,1,-10.143,1,0.0276,0.157,0.000333,0.0828,0.435,124.028,audio_features,6WsNORIhCqzNfp3lQeMY2R,spotify:track:6WsNORIhCqzNfp3lQeMY2R,https://api.spotify.com/v1/tracks/6WsNORIhCqzNfp3lQeMY2R,https://api.spotify.com/v1/audio-analysis/6WsNORIhCqzNfp3lQeMY2R,198453,4,Lifehouse|Hanging By A Moment
Nelly,Ride Wit Me (Remix),"['dance pop', 'hip hop', 'pop', 'pop rap', 'r&b', 'rap', 'southern hip hop', 'urban contemporary']",0.9,0.459,4,-7.991,0,0.133,0.0105,0.0,0.614,0.798,120.091,audio_features,3c6T4viNQ1FqPD75Q2agI4,spotify:track:3c6T4viNQ1FqPD75Q2agI4,https://api.spotify.com/v1/tracks/3c6T4viNQ1FqPD75Q2agI4,https://api.spotify.com/v1/audio-analysis/3c6T4viNQ1FqPD75Q2agI4,268093,4,Nelly Featuring City Spud|Ride Wit Me
Janet,All For You,"['dance pop', 'hip pop', 'neo soul', 'pop', 'r&b', 'urban contemporary']",0.774,0.881,2,-4.681,1,0.0917,0.0107,0.0431,0.289,0.775,113.511,audio_features,28IZUzBnFsBxyrgdsdlQPg,spotify:track:28IZUzBnFsBxyrgdsdlQPg,https://api.spotify.com/v1/tracks/28IZUzBnFsBxyrgdsdlQPg,https://api.spotify.com/v1/audio-analysis/28IZUzBnFsBxyrgdsdlQPg,272387,3,Janet|All For You
Uncle Kracker,Follow Me,"['contemporary country', 'country', 'country road', 'pop rock', 'post-grunge']",0.817,0.585,5,-4.688,1,0.0301,0.439,0.0,0.147,0.916,105.014,audio_features,4KoecuyOpZaNFZ0UqVsllc,spotify:track:4KoecuyOpZaNFZ0UqVsllc,https://api.spotify.com/v1/tracks/4KoecuyOpZaNFZ0UqVsllc,https://api.spotify.com/v1/audio-analysis/4KoecuyOpZaNFZ0UqVsllc,218440,4,Uncle Kracker|Follow Me
Vertical Horizon,Everything You Want,"['neo mellow', 'pop rock', 'post-grunge']",0.637,0.759,3,-6.389,0,0.0305,0.0504,0.0,0.0642,0.741,93.898,audio_features,4cKGldbhGJniI8BrB3K6tb,spotify:track:4cKGldbhGJniI8BrB3K6tb,https://api.spotify.com/v1/tracks/4cKGldbhGJniI8BrB3K6tb,https://api.spotify.com/v1/audio-analysis/4cKGldbhGJniI8BrB3K6tb,257067,4,Vertical Horizon|Everything You Want
Enrique Iglesias,Be With You,"['dance pop', 'latin', 'latin pop', 'mexican pop', 'pop', 'tropical']",0.696,0.872,1,-5.417,0,0.0328,0.0315,0.000769,0.0411,0.55,122.009,audio_features,1lZ4j5WBURBwZ0M5TT46wP,spotify:track:1lZ4j5WBURBwZ0M5TT46wP,https://api.spotify.com/v1/tracks/1lZ4j5WBURBwZ0M5TT46wP,https://api.spotify.com/v1/audio-analysis/1lZ4j5WBURBwZ0M5TT46wP,220160,4,Enrique Iglesias|Be With You
Christina Aguilera,I Turn to You,"['dance pop', 'europop', 'pop', 'post-teen pop', 'r&b']",0.573,0.523,1,-6.528,1,0.0407,0.391,0.0,0.104,0.285,127.178,audio_features,2ccY0yZPDKSciupmiSDNvl,spotify:track:2ccY0yZPDKSciupmiSDNvl,https://api.spotify.com/v1/tracks/2ccY0yZPDKSciupmiSDNvl,https://api.spotify.com/v1/audio-analysis/2ccY0yZPDKSciupmiSDNvl,275733,4,Christina Aguilera|I Turn To You
Faith Hill,Breathe,"['contemporary country', 'country', 'country dawn', 'country road', 'pop rock']",0.529,0.496,7,-9.007,1,0.029,0.173,0.0,0.251,0.278,136.859,audio_features,3y4LxiYMgDl4RethdzpmNe,spotify:track:3y4LxiYMgDl4RethdzpmNe,https://api.spotify.com/v1/tracks/3y4LxiYMgDl4RethdzpmNe,https://api.spotify.com/v1/audio-analysis/3y4LxiYMgDl4RethdzpmNe,250547,4,Faith Hill|Breathe
Marc Anthony,Muy Dentro De M√≠ (You Sang To Me) - Spanish Version,"['latin', 'latin pop', 'salsa', 'tropical']",0.61,0.902,0,-5.147,1,0.0726,0.128,0.0,0.165,0.738,92.965,audio_features,2QbcikdPIWOLA9Uumiis1X,spotify:track:2QbcikdPIWOLA9Uumiis1X,https://api.spotify.com/v1/tracks/2QbcikdPIWOLA9Uumiis1X,https://api.spotify.com/v1/audio-analysis/2QbcikdPIWOLA9Uumiis1X,353707,4,Marc Anthony|You Sang To Me
Santana,Maria Maria - Live,"['blues-rock', 'classic rock', 'psychedelic rock', 'rock']",0.4,0.941,9,-6.454,0,0.129,0.189,1.05e-06,0.987,0.388,102.931,audio_features,2v6cghQwQpCs0uwt3pT3pn,spotify:track:2v6cghQwQpCs0uwt3pT3pn,https://api.spotify.com/v1/tracks/2v6cghQwQpCs0uwt3pT3pn,https://api.spotify.com/v1/audio-analysis/2v6cghQwQpCs0uwt3pT3pn,409880,4,Santana Featuring The Product G&B|Maria Maria
Sisqo,Thong Song - Radio Edit,"['hip pop', 'new jack swing', 'r&b', 'southern hip hop', 'urban contemporary']",0.696,0.871,2,-7.16,1,0.0635,0.301,0.000875,0.0902,0.641,121.473,audio_features,6evwKmYemoMINY0NqDQ48v,spotify:track:6evwKmYemoMINY0NqDQ48v,https://api.spotify.com/v1/tracks/6evwKmYemoMINY0NqDQ48v,https://api.spotify.com/v1/audio-analysis/6evwKmYemoMINY0NqDQ48v,247253,4,Sisqo|Thong Song
Toni Braxton,He Wasn't Man Enough,"['dance pop', 'hip pop', 'neo soul', 'new jack swing', 'pop', 'quiet storm', 'r&b', 'urban contemporary']",0.739,0.947,11,-1.915,0,0.0412,0.00947,2.99e-05,0.326,0.763,88.009,audio_features,7f1Dmr246cJ9uQYdbplTbh,spotify:track:7f1Dmr246cJ9uQYdbplTbh,https://api.spotify.com/v1/tracks/7f1Dmr246cJ9uQYdbplTbh,https://api.spotify.com/v1/audio-analysis/7f1Dmr246cJ9uQYdbplTbh,261933,4,Toni Braxton|He Wasn't Man Enough
